<?xml version="1.0" encoding="UTF-8"?>

<mule xmlns:ee="http://www.mulesoft.org/schema/mule/ee/core" xmlns:http="http://www.mulesoft.org/schema/mule/http"
	xmlns="http://www.mulesoft.org/schema/mule/core"
	xmlns:doc="http://www.mulesoft.org/schema/mule/documentation" xmlns:xsi="http://www.w3.org/2001/XMLSchema-instance" xsi:schemaLocation="http://www.mulesoft.org/schema/mule/core http://www.mulesoft.org/schema/mule/core/current/mule.xsd
http://www.mulesoft.org/schema/mule/http http://www.mulesoft.org/schema/mule/http/current/mule-http.xsd
http://www.mulesoft.org/schema/mule/ee/core http://www.mulesoft.org/schema/mule/ee/core/current/mule-ee.xsd">
	<http:listener-config name="HTTP_Listener_config" doc:name="HTTP Listener config" doc:id="6d796e99-a8e1-4af8-b460-5e87aebb4189" >
		<http:listener-connection host="0.0.0.0" port="8081" />
	</http:listener-config>
	<flow name="flowoneFlow" doc:id="92742b66-2b09-46d3-ac4e-edb8b738a5c5" >
		<http:listener doc:name="GET/flowone" doc:id="a8a98f60-edad-4755-b1d9-915f4cceb4f4" config-ref="HTTP_Listener_config" path="/flowone" allowedMethods="GET"/>
		<flow-ref doc:name="Flow Reference" doc:id="5539503f-1158-4ea2-8714-0df227e4af42" name="flowoneFlow1"/>
		<set-payload value="flow 1 payload" doc:name="Flowone" doc:id="b0e0da19-3722-41b6-876b-b7c5feb146db" />
	</flow>
	<flow name="flowoneFlow1" doc:id="81f6d3b6-5e0a-458b-a631-5706cc0e50fd" >
		<http:listener doc:name="GET/flowtwo" doc:id="e716a15e-9e8b-4081-8819-e6a8f78fbe88" config-ref="HTTP_Listener_config" path="/flowtwo"/>
		<ee:transform doc:name="Transform Message" doc:id="86da2d8b-7d27-47b0-9be2-109da5216e08" >
			<ee:message >
				<ee:set-payload ><![CDATA[%dw 2.0
import * from dw::Runtime
output application/java
---
{
	"user":1
}
wait 5000]]></ee:set-payload>
			</ee:message>
		</ee:transform>
		<logger level="INFO" doc:name="Logger" doc:id="f9648368-f18d-44e4-bec1-d616bae97be4" message="Flowtwo invoked from flowone" doc:description="Flowtwo logger message - invoked logic from flowone"/>
		<set-payload value="Flow 2 payload" doc:name="flowtwo" doc:id="03b47862-3e82-420d-9f44-03f39777b444" />
	</flow>
	<flow name="Privateflow" doc:id="1b78c36a-a8f8-4d98-a656-843440c52a77">
		<ee:transform doc:name="Transform Message" doc:id="43edee14-f434-4358-9002-2883c306d520">
			<ee:message>
				<ee:set-payload><![CDATA[%dw 2.0
import * from dw::Runtime
output application/java
---
{
	"user":1
}
wait 5000]]></ee:set-payload>
			</ee:message>
		</ee:transform>
		<logger level="INFO" doc:name="Logger" doc:id="ce0a6ae4-a802-4364-a77e-5d8208e95a80" message="Private log" />
	</flow>
</mule>
