<?xml version="1.0" encoding="UTF-8"?>

<mule xmlns:http="http://www.mulesoft.org/schema/mule/http" xmlns="http://www.mulesoft.org/schema/mule/core"
	xmlns:doc="http://www.mulesoft.org/schema/mule/documentation"
	xmlns:xsi="http://www.w3.org/2001/XMLSchema-instance" xsi:schemaLocation="http://www.mulesoft.org/schema/mule/core http://www.mulesoft.org/schema/mule/core/current/mule.xsd
http://www.mulesoft.org/schema/mule/http http://www.mulesoft.org/schema/mule/http/current/mule-http.xsd">
	<http:listener-config name="HTTP_Listener_config" doc:name="HTTP Listener config" doc:id="a0c950e2-1691-4a98-be02-a6952c383703" >
		<http:listener-connection host="0.0.0.0" port="8081" />
	</http:listener-config>
	<flow name="debugappFlow" doc:id="2bca19cd-d060-4582-ae7f-12aa4004664e" >
		<http:listener doc:name="Listener" doc:id="fe2d723d-75d3-4757-844a-954a4d0c4a1c" config-ref="HTTP_Listener_config" path="debugapp"/>
		<set-payload value="debugapp" doc:name="Set Payload" doc:id="fbf6ec15-cb52-4b27-b1a1-38e3ace8ee82" />
		<logger level="INFO" doc:name="Logger" doc:id="d245a8bc-06cf-45fb-86bc-2e0cde1dca1a" />
	</flow>
</mule>
