<?xml version='1.0' encoding='UTF-8'?>
<types:mule xmlns:types="http://www.mulesoft.org/schema/mule/types">
  <types:catalog>
    <types:type name="auto_81f6d3b6-5e0a-458b-a631-5706cc0e50fd_Input-Payload" format="java">
      <types:shape format="weave" example="weave/autogenerated/81f6d3b6-5e0a-458b-a631-5706cc0e50fd/Input-Payload.wev" autogeneratedOrigin="5539503f-1158-4ea2-8714-0df227e4af42"><![CDATA[%dw 2.0

type auto_81f6d3b6_5e0a_458b_a631_5706cc0e50fd_Input_Payload = Any

]]></types:shape>
    </types:type>
    <types:type name="auto_81f6d3b6-5e0a-458b-a631-5706cc0e50fd_Output-Attributes" format="java">
      <types:shape format="weave" example="weave/autogenerated/81f6d3b6-5e0a-458b-a631-5706cc0e50fd/Output-Attributes.wev" autogeneratedOrigin="5539503f-1158-4ea2-8714-0df227e4af42"><![CDATA[%dw 2.0

type auto_81f6d3b6_5e0a_458b_a631_5706cc0e50fd_Output_Attributes = {|
  listenerPath: String, 
  rawRequestPath: String, 
  relativePath: String, 
  maskedRequestPath: String, 
  version: String, 
  scheme: String, 
  method: String, 
  requestUri: String, 
  rawRequestUri: String, 
  queryString: String, 
  localAddress: String, 
  remoteAddress: String, 
  clientCertificate?: java_security_cert_Certificate, 
  queryParams: { _?: String }, 
  uriParams: { _?: String }, 
  requestPath: String, 
  headers: { _?: String }
|} {"typeAlias": "HttpRequestAttributes",
"typeId": "org.mule.extension.http.api.HttpRequestAttributes"}
type java_security_cert_Certificate = {|
  encoded?: Binary, 
  publicKey?: java_security_PublicKey, 
  "type"?: String
|} {"typeAlias": "Certificate",
"typeId": "java.security.cert.Certificate"}
type java_security_PublicKey = {|  |} {"typeAlias": "PublicKey",
"typeId": "java.security.PublicKey"}





]]></types:shape>
    </types:type>
    <types:type name="auto_81f6d3b6-5e0a-458b-a631-5706cc0e50fd_Input-Attributes" format="java">
      <types:shape format="weave" example="weave/autogenerated/81f6d3b6-5e0a-458b-a631-5706cc0e50fd/Input-Attributes.wev" autogeneratedOrigin="5539503f-1158-4ea2-8714-0df227e4af42"><![CDATA[%dw 2.0

type auto_81f6d3b6_5e0a_458b_a631_5706cc0e50fd_Input_Attributes = {|
  listenerPath: String, 
  rawRequestPath: String, 
  relativePath: String, 
  maskedRequestPath: String, 
  version: String, 
  scheme: String, 
  method: String, 
  requestUri: String, 
  rawRequestUri: String, 
  queryString: String, 
  localAddress: String, 
  remoteAddress: String, 
  clientCertificate?: java_security_cert_Certificate, 
  queryParams: { _?: String }, 
  uriParams: { _?: String }, 
  requestPath: String, 
  headers: { _?: String }
|} {"typeAlias": "HttpRequestAttributes",
"typeId": "org.mule.extension.http.api.HttpRequestAttributes"}
type java_security_cert_Certificate = {|
  encoded?: Binary, 
  publicKey?: java_security_PublicKey, 
  "type"?: String
|} {"typeAlias": "Certificate",
"typeId": "java.security.cert.Certificate"}
type java_security_PublicKey = {|  |} {"typeAlias": "PublicKey",
"typeId": "java.security.PublicKey"}





]]></types:shape>
    </types:type>
    <types:type name="auto_81f6d3b6-5e0a-458b-a631-5706cc0e50fd_Output-Payload" format="java">
      <types:shape format="raml" autogeneratedOrigin="5539503f-1158-4ea2-8714-0df227e4af42"><![CDATA[#%RAML 1.0 DataType
type: string]]></types:shape>
    </types:type>
  </types:catalog>
  <types:enrichment select="#81f6d3b6-5e0a-458b-a631-5706cc0e50fd">
    <types:processor-declaration>
      <types:input-event>
        <types:message>
          <types:payload type="auto_81f6d3b6-5e0a-458b-a631-5706cc0e50fd_Input-Payload"/>
          <types:attributes type="auto_81f6d3b6-5e0a-458b-a631-5706cc0e50fd_Input-Attributes"/>
        </types:message>
      </types:input-event>
      <types:output-event>
        <types:message>
          <types:payload type="auto_81f6d3b6-5e0a-458b-a631-5706cc0e50fd_Output-Payload"/>
          <types:attributes type="auto_81f6d3b6-5e0a-458b-a631-5706cc0e50fd_Output-Attributes"/>
        </types:message>
      </types:output-event>
    </types:processor-declaration>
  </types:enrichment>
</types:mule>